part_code,part_name
ABC123,Brake Pad Set Front Heavy Duty
XYZ789,11R22.5 Drive Tire 14 Ply
DEF456,Engine Oil Filter Spin-On
GHI789,Brake Caliper Rear
JKL012,295/75R22.5 Steer Tire Rib
MNO345,Transmission Filter Allison
PQR678,Front Brake Rotor 15 Inch
STU901,Hydraulic Filter Cartridge
VWX234,Rear Brake Shoe Set Air
YZA567,11R22.5 All Position Tire
BCD890,Engine Air Filter
EFG123,Drive Tire 11R22.5 Lug Pattern
HIJ456,Fuel Filter Primary
KLM789,Brake Drum Rear Heavy Duty
NOP012,Steer Axle Brake Pad
4384138,DIFF PRESS SENSOR
173427S000,O RING
KC3Z3E651G,STEERING DAMPER ASSEMBLY
GNAD1414,BRAKE PADS
815207,THERMOSTAT W/ HOUSING
CC2610,CC2610 - COOLANT FLUSH CLEANER
097826CD,ENGINE OIL DRAIN PLUG
89018168,THERMOSTAT
M1-102A,M1-102A - FILTER, OIL MOBIL 1 - M1-102A
1036,WHEEL GREASE SEAL
CR30X440R,CR30X440R - RND ROUND CAPACITOR CR30X440R
12720530,IDLER PULLEY
38006FMP,COIL BOOT KIT 8PK
46581,CARBURETOR CLEANER
6011236,37 DOOR OPERATOR
T2330,WATER PUMP WITH GASKET
9L3Z-1A189-A,TIRE PRESSURE SENSOR
710498988,RIGHT OUTER TIE ROD
999545A,BELT TENSIONER
T77421A2C,A/C BLOWER MOTOR
HG009,HUB CAP GASKET 6 HOLES 5 * 1/2
LPL31CS,LICENSE LIGHT
TA357,GASKET RTV SILICONE
24224781,TRANSMISSION GASKET
926-047AMZ,FUEL DOOR HINGE & HOUSING
85608073,ENGINE MOUNT
592-027,BACK UP CAMERA
550066,REAR SHOCK
FA72315,RADIATOR FAN ASSEMBLY
2335200,Tensioner
10825,GAS CAP
15011,LICENSE PLATE LIGHT
O-RINGS,O-RINGS
A5095100-001,KEYS-CYL, AUTOCAR  2284
PC3Z3A131DA,TIE ROD END
670126RGS,BRAKE ROTOR
TRACK LUBE,TRACK LUBE
Doc Holder,Doc Holder - Document Holder
MISC MOUNTING HARDWARE,MISC MOUNTING HARDWARE - MISC MOUNTING HARDWARE
34FD1127,LOADED STRUT ASSEMBLY
0580377,BATTERY CABLE
HC3Z9H307AN,FUEL PUMP ASSEMBLY
BR3Z6584C,VALVE COVER GASKET - DRIVER SIDE
85623483,MOTOR MOUNT FRONT LEFT
357087,COIL ON PLUG BOOT
68334862AB,68334862AB - BRAKE SHOES &/OR PADS Part Num 68334862AB
CK4Z 1125 H,Disc Rotor
87862203,MIRROR ASSEMBLY / LH
AW46,AW46 - HYDRAULIC FLUID/GALLON
PC3Z-1125-B,ROTOR ASSY
BK3Z6129077AE,PILLAR BODY MOULDING (UNDER FUEL DOOR)
BC3Z19867C,AIR COND HOSE (EVAPORATOR TO COMPRESSOR)
04603460000,235/65R16 GENERAL GRABBER HD VAN LRE
85623484,PASSENGER/RIGHT SIDE MOTOR MOUNT ASSEMBLY
2690,SPRAYER TANK 16 GALLON
TRANSITROOFSUPPLY,SUPPLIES TO REPAIR ROOF
